{"k7y86yk6MdpACvwPqkNqmg==":"mbr.png","JHR2rqNononVUIh+5cqoaA==":"mbr.jpg","jCDsYwnKnZCrvkyEEPbuMQ==":"mbr-1.jpg","wmCcBViTLuX5tDvzD5W8bA==":"mbr.jpeg","UyfVkUXwVuRxWljG9J5mUg==":"coffee-beans-2258839-960.jpg","7xNb7A+1P2kTZmeWMjER4w==":"37908-96x96.png","8bF09CK1kyQ7oU+XSiJCUA==":"mbr-96x64.jpeg","YobIQpau29qKh2CvCS+Y9Q==":"coffee-icon-sign-symbol-design-free-png.webp","MWIPhopbYAcuscPvllKyKQ==":"mbr-1920x1273.jpg","kS7/XPGClln4mJKD7qpoHw==":"mbr-1920x1280.jpg","pcoWChPW6RWPNlCc63Gpcw==":"mbr-1920x1372.jpg","X1yA3O9yySZm3HukEc7kag==":"37908-512x512.png","Ek5EONWKBLSjOsbdYA6nZw==":"jeremy-yap-jn-hagwe4yw-unsplash-815x1223.jpg","yrb3ppvr8vCrgDiL0tVAFA==":"nathan-dumlao-nbjho6wmrww-unsplash-815x1223.jpg","jnsrVY5WIAW+wptRbKMdpg==":"mohammad-amirahmadi-tk2ifgn60xo-unsplash-815x1019.jpg","/7nIVsPIB+UPuRqaKdijRA==":"anna-bratiychuk-3w2aurzeesu-unsplash-815x1223.jpg","6G3NsNWGr+jz7QlSiOb/zw==":"tetiana-shyshkina-4lqjr8gu_bg-unsplash-815x1222.jpg","HpiG8UW2jB4r/dK6zBBN9Q==":"nathan-dumlao-vzozjh_xkuk-unsplash-815x1223.jpg","HXXtAq8TuBoMvTN9C61eWg==":"nathan-dumlao-vzozjh_xkuk-unsplash-815x1223.jpeg","vB3W9F1eHp96LnV4EPHk0A==":"giancarlo-duarte-rthw0pwclhw-unsplash-815x543.jpg","TWUjw14UgH/0XqE6oGo/EA==":"brent-ninaber-vlpefxuqynm-unsplash-2000x1125.jpg","qOmm+IMpvYbLnTiyi01XqA==":"anna-bratiychuk-3w2aurzeesu-unsplash-815x1223.jpeg"}